{
  "RELIANCE": {
    "mean_price": 94919.68828425095,
    "min_price": 1941.64,
    "max_price": 100000.0,
    "volatility": 0.04408948693219533,
    "total_volume": 2639952572,
    "data_points": 781
  },
  "TCS": {
    "mean_price": 109.18398207426377,
    "min_price": 10.0,
    "max_price": 3119.82,
    "volatility": 0.024339048221070102,
    "total_volume": 2682564647,
    "data_points": 781
  },
  "HDFCBANK": {
    "mean_price": 112.36107554417414,
    "min_price": 10.0,
    "max_price": 2058.43,
    "volatility": 0.022789661811421197,
    "total_volume": 2694870701,
    "data_points": 781
  },
  "INFY": {
    "mean_price": 93851.90708066583,
    "min_price": 895.05,
    "max_price": 100000.0,
    "volatility": 0.04995141965828878,
    "total_volume": 2749539153,
    "data_points": 781
  },
  "ICICIBANK": {
    "mean_price": 95206.22924455824,
    "min_price": 1899.72,
    "max_price": 100000.0,
    "volatility": 0.045203490964665936,
    "total_volume": 2664347849,
    "data_points": 781
  },
  "HINDUNILVR": {
    "mean_price": 76.10015364916772,
    "min_price": 10.0,
    "max_price": 1016.28,
    "volatility": 0.020889053902727706,
    "total_volume": 2680545765,
    "data_points": 781
  },
  "SBIN": {
    "mean_price": 64.09172855313702,
    "min_price": 10.0,
    "max_price": 1186.51,
    "volatility": 0.021208343809626627,
    "total_volume": 2562195798,
    "data_points": 781
  },
  "BAJFINANCE": {
    "mean_price": 54.2335595390525,
    "min_price": 10.0,
    "max_price": 1239.64,
    "volatility": 0.02148633833269855,
    "total_volume": 2733200033,
    "data_points": 781
  },
  "BHARTIARTL": {
    "mean_price": 92926.92704225352,
    "min_price": 515.62,
    "max_price": 100000.0,
    "volatility": 0.05511247585591993,
    "total_volume": 2737447747,
    "data_points": 781
  },
  "KOTAKBANK": {
    "mean_price": 91771.85961587708,
    "min_price": 1084.98,
    "max_price": 100000.0,
    "volatility": 0.04978949380654054,
    "total_volume": 2707618914,
    "data_points": 781
  },
  "WIPRO": {
    "mean_price": 37.429615877080664,
    "min_price": 10.0,
    "max_price": 440.22,
    "volatility": 0.01889052421307309,
    "total_volume": 2655755757,
    "data_points": 781
  },
  "AXISBANK": {
    "mean_price": 38.11971830985915,
    "min_price": 10.0,
    "max_price": 690.48,
    "volatility": 0.019637866470477335,
    "total_volume": 2673903408,
    "data_points": 781
  },
  "ITC": {
    "mean_price": 91506.22023047376,
    "min_price": 116.26,
    "max_price": 100000.0,
    "volatility": 0.06438828628277325,
    "total_volume": 2632657027,
    "data_points": 781
  },
  "HCLTECH": {
    "mean_price": 95736.65536491678,
    "min_price": 2345.69,
    "max_price": 100000.0,
    "volatility": 0.04327831807232498,
    "total_volume": 2632634619,
    "data_points": 781
  },
  "ASIANPAINT": {
    "mean_price": 95803.50603072984,
    "min_price": 1818.25,
    "max_price": 100000.0,
    "volatility": 0.04546794459976465,
    "total_volume": 2564679938,
    "data_points": 781
  },
  "MARUTI": {
    "mean_price": 91737.16124199746,
    "min_price": 431.1,
    "max_price": 100000.0,
    "volatility": 0.05590667821903176,
    "total_volume": 2854117376,
    "data_points": 781
  },
  "TATAMOTORS": {
    "mean_price": 92087.04309859154,
    "min_price": 856.69,
    "max_price": 100000.0,
    "volatility": 0.051129861663869215,
    "total_volume": 2817762005,
    "data_points": 781
  },
  "SUNPHARMA": {
    "mean_price": 95933.52252240718,
    "min_price": 1357.09,
    "max_price": 100000.0,
    "volatility": 0.04831323904288342,
    "total_volume": 2508402889,
    "data_points": 781
  },
  "TITAN": {
    "mean_price": 142.17847631241995,
    "min_price": 10.0,
    "max_price": 1448.19,
    "volatility": 0.021752642806194756,
    "total_volume": 2597098315,
    "data_points": 781
  },
  "NTPC": {
    "mean_price": 94948.48396927018,
    "min_price": 1635.6,
    "max_price": 100000.0,
    "volatility": 0.04576141225064763,
    "total_volume": 2668426211,
    "data_points": 781
  },
  "ULTRACEMCO": {
    "mean_price": 94595.17842509602,
    "min_price": 1231.64,
    "max_price": 100000.0,
    "volatility": 0.04830985145666689,
    "total_volume": 2717078402,
    "data_points": 781
  },
  "TECHM": {
    "mean_price": 94798.6871446863,
    "min_price": 1185.34,
    "max_price": 100000.0,
    "volatility": 0.049250455179371266,
    "total_volume": 2642711068,
    "data_points": 781
  },
  "GRASIM": {
    "mean_price": 94367.07023047375,
    "min_price": 2076.51,
    "max_price": 100000.0,
    "volatility": 0.04409289329391492,
    "total_volume": 2673486925,
    "data_points": 781
  },
  "POWERGRID": {
    "mean_price": 75.66170294494238,
    "min_price": 10.0,
    "max_price": 1192.16,
    "volatility": 0.021627372571009978,
    "total_volume": 2639305469,
    "data_points": 781
  },
  "COALINDIA": {
    "mean_price": 95889.88843790014,
    "min_price": 637.64,
    "max_price": 100000.0,
    "volatility": 0.05387700308086686,
    "total_volume": 2627829232,
    "data_points": 781
  },
  "BPCL": {
    "mean_price": 94909.8513572343,
    "min_price": 844.84,
    "max_price": 100000.0,
    "volatility": 0.051845049070591474,
    "total_volume": 2642128121,
    "data_points": 781
  },
  "ONGC": {
    "mean_price": 170.0287580025608,
    "min_price": 10.0,
    "max_price": 1512.47,
    "volatility": 0.02223782333627911,
    "total_volume": 2574617758,
    "data_points": 781
  },
  "JSWSTEEL": {
    "mean_price": 94175.01115236877,
    "min_price": 745.82,
    "max_price": 100000.0,
    "volatility": 0.05235377503760764,
    "total_volume": 2585238089,
    "data_points": 781
  },
  "DIVISLAB": {
    "mean_price": 30.769577464788732,
    "min_price": 10.0,
    "max_price": 600.7,
    "volatility": 0.020107290784021053,
    "total_volume": 2676070788,
    "data_points": 781
  },
  "DRREDDY": {
    "mean_price": 84.8764404609475,
    "min_price": 10.0,
    "max_price": 1705.4,
    "volatility": 0.021984450067245306,
    "total_volume": 2665042395,
    "data_points": 781
  }
}